{
    "metadata":{
        "normals":4,
        "faces":4,
        "vertices":4,
        "uvs":0,
        "type":"Geometry",
        "generator":"io_three",
        "version":3
    },
    "faces":[32,1,2,0,0,0,0,32,3,1,0,1,1,1,32,1,3,2,2,2,2,32,2,3,0,3,3,3],
    "vertices":[-0.5,-0.5,0.5,0.5,-0.5,0.5,0.5,0.5,0.5,0.5,-0.5,-0.5],
    "uvs":[],
    "normals":[0,2.98023e-08,1,0,-1,2.98023e-08,1,0,-0,-0.57735,0.57735,-0.57735]
}