{
    "vertices":[-0.74192,0.247105,-0.24777,0.247307,0.247105,0.743309,0.247307,-0.741316,-0.24777,0.247307,0.247105,-0.24777],
    "uvs":[],
    "faces":[32,0,3,2,0,0,0,32,2,3,1,1,1,1,32,3,0,1,2,2,2,32,1,0,2,3,3,3],
    "metadata":{
        "uvs":0,
        "type":"Geometry",
        "version":3,
        "normals":4,
        "generator":"io_three",
        "vertices":4,
        "faces":4
    },
    "normals":[-0,-4.52272e-08,-1,1,0,0,0,1,-4.51059e-08,-0.577553,-0.578023,0.576474]
}