{
    "metadata":{
        "normals":4,
        "faces":4,
        "vertices":4,
        "uvs":0,
        "type":"Geometry",
        "generator":"io_three",
        "version":3
    },
    "faces":[32,0,1,2,0,0,0,32,3,1,0,1,1,1,32,2,1,3,2,2,2,32,3,0,2,3,3,3],
    "vertices":[-0.5,-0.486542,0.5,-0.5,0.5,0.5,-0.5,0.5,-0.488735,0.485928,0.5,0.5],
    "uvs":[],
    "normals":[-1,0,0,-0,3.02089e-08,1,0,1,-3.01419e-08,0.578017,-0.577657,-0.576376]
}