{
    "vertices":[-0.75,-0.25,0.25,0.25,-0.25,0.25,0.25,0.75,0.25,0.25,-0.25,-0.75],
    "uvs":[],
    "faces":[32,1,2,0,0,0,0,32,3,1,0,1,1,1,32,1,3,2,2,2,2,32,2,3,0,3,3,3],
    "metadata":{
        "uvs":0,
        "type":"Geometry",
        "version":3,
        "normals":4,
        "generator":"io_three",
        "vertices":4,
        "faces":4
    },
    "normals":[0,2.98023e-08,1,0,-1,4.47035e-08,1,0,-0,-0.57735,0.57735,-0.57735]
}