{
    "metadata":{
        "normals":4,
        "faces":4,
        "vertices":4,
        "uvs":0,
        "type":"Geometry",
        "generator":"io_three",
        "version":3
    },
    "faces":[32,0,3,2,0,0,0,32,2,3,1,1,1,1,32,3,0,1,2,2,2,32,1,0,2,3,3,3],
    "vertices":[-0.489227,0.5,-0.5,0.5,0.5,0.491079,0.5,-0.488421,-0.5,0.5,0.5,-0.5],
    "uvs":[],
    "normals":[-0,-3.01514e-08,-1,1,0,0,0,1,-3.00706e-08,-0.577553,-0.578023,0.576474]
}