{
    "vertices":[-1,1,-1,1,1,1,1,-1,-1,1,1,-1],
    "normals":[-0,-2.98023e-08,-1,1,0,0,0,1,-2.98023e-08,-0.57735,-0.57735,0.57735],
    "faces":[32,0,3,2,0,0,0,32,2,3,1,1,1,1,32,3,0,1,2,2,2,32,1,0,2,3,3,3],
    "uvs":[],
    "metadata":{
        "vertices":4,
        "version":3,
        "type":"Geometry",
        "faces":4,
        "uvs":0,
        "generator":"io_three",
        "normals":4
    }
}