{
    "vertices":[-0.246482,-0.739907,0.247184,-0.246482,0.246636,0.247184,-0.246482,0.246636,-0.741551,0.739446,0.246636,0.247184],
    "uvs":[],
    "faces":[32,0,1,2,0,0,0,32,3,1,0,1,1,1,32,2,1,3,2,2,2,32,3,0,2,3,3,3],
    "metadata":{
        "uvs":0,
        "type":"Geometry",
        "version":3,
        "normals":4,
        "generator":"io_three",
        "vertices":4,
        "faces":4
    },
    "normals":[-1,0,0,-0,4.53133e-08,1,0,1,-4.52128e-08,0.578017,-0.577657,-0.576376]
}