{
    "vertices":[-0.246924,-0.248688,0.747919,-0.246924,-0.248688,-0.249306,-0.246924,0.746064,-0.249306,0.740771,-0.248688,-0.249306],
    "uvs":[],
    "faces":[32,1,3,0,0,0,0,32,1,0,2,1,1,1,32,1,2,3,2,2,2,32,0,3,2,3,3,3],
    "metadata":{
        "uvs":0,
        "type":"Geometry",
        "version":3,
        "normals":4,
        "generator":"io_three",
        "vertices":4,
        "faces":4
    },
    "normals":[0,-1,4.48278e-08,-1,-0,0,0,-4.49393e-08,-1,0.580568,0.576449,0.575019]
}