{
    "metadata":{
        "normals":4,
        "faces":4,
        "vertices":4,
        "uvs":0,
        "type":"Geometry",
        "generator":"io_three",
        "version":3
    },
    "faces":[32,1,3,0,0,0,0,32,1,0,2,1,1,1,32,1,2,3,2,2,2,32,0,3,2,3,3,3],
    "vertices":[-0.5,-0.5,0.497226,-0.5,-0.5,-0.5,-0.5,0.494753,-0.5,0.487694,-0.5,-0.5],
    "uvs":[],
    "normals":[0,-1,2.98852e-08,-1,-0,0,0,-2.99595e-08,-1,0.580568,0.576449,0.575019]
}