{
    "uvs":[],
    "faces":[33,8,1,3,9,0,0,0,0,33,9,3,7,10,1,1,1,1,33,10,7,5,11,2,2,2,2,33,11,5,1,8,3,3,3,3,33,4,0,2,6,4,4,4,4,33,7,3,1,5,5,5,5,5,33,8,0,4,11,6,6,6,6,33,6,10,11,4,7,7,7,7,33,2,9,10,6,8,8,8,8,33,0,8,9,2,9,9,9,9],
    "metadata":{
        "normals":10,
        "faces":10,
        "vertices":12,
        "uvs":0,
        "generator":"io_three",
        "type":"Geometry",
        "version":3
    },
    "normals":[-0.952618,-0.30417,8.44595e-09,0,-0.30417,-0.952618,0.952618,-0.30417,8.44595e-09,0,-0.30417,0.952618,0,-1,2.98023e-08,0,1,-2.98023e-08,0,0.30417,0.952618,0.952618,0.30417,-8.44595e-09,0,0.30417,-0.952618,-0.952618,0.30417,-8.44595e-09],
    "vertices":[-1,-1,1,-1,1,1,-1,-1,-1,-1,1,-1,1,-1,1,1,1,1,1,-1,-1,1,1,-1,-0.680701,2.97544e-08,0.680701,-0.680701,-2.97544e-08,-0.680701,0.680701,-2.97544e-08,-0.680701,0.680701,2.97544e-08,0.680701]
}